{
    "metrics": {
        "mae": 8.708091627008471,
        "rmse": 10.42366066533501,
        "mse": 108.6527016660523,
        "mape": 4.639246862124235,
        "r2": -0.6720471614329706,
        "directional_accuracy": 53.90070921985816
    },
    "error_statistics": {
        "mean": 8.305101734386353,
        "std": 6.299046503046716,
        "min": -6.15303327065709,
        "max": 19.221694842040534
    },
    "data_info": {
        "test_samples": 142,
        "price_range": [
            165.677,
            196.928
        ],
        "mean_price": 182.85195070422535
    }
}